<?xml version="1.0" encoding="UTF-8"?>
<project-private xmlns="http://www.netbeans.org/ns/project-private/1">
    <editor-bookmarks xmlns="http://www.netbeans.org/ns/editor-bookmarks/2" lastBookmarkId="0"/>
    <open-files xmlns="http://www.netbeans.org/ns/projectui-open-files/2">
        <group>
            <file>file:/C:/Users/IQMAL/OneDrive/Documents/NetBeansProjects/MentorshipSystem/web/js/inboxMentee.js</file>
            <file>file:/C:/Users/IQMAL/OneDrive/Documents/NetBeansProjects/MentorshipSystem/web/css/profile.css</file>
            <file>file:/C:/Users/IQMAL/OneDrive/Documents/NetBeansProjects/MentorshipSystem/web/profession.html</file>
            <file>file:/C:/Users/IQMAL/OneDrive/Documents/NetBeansProjects/MentorshipSystem/web/meetingMentee.html</file>
            <file>file:/C:/Users/IQMAL/OneDrive/Documents/NetBeansProjects/MentorshipSystem/web/viewUserMentee.html</file>
            <file>file:/C:/Users/IQMAL/OneDrive/Documents/NetBeansProjects/MentorshipSystem/web/css/inboxMentee.css</file>
            <file>file:/C:/Users/IQMAL/OneDrive/Documents/NetBeansProjects/MentorshipSystem/web/notesMentee.html</file>
            <file>file:/C:/Users/IQMAL/OneDrive/Documents/NetBeansProjects/MentorshipSystem/web/PendingRequest.html</file>
            <file>file:/C:/Users/IQMAL/OneDrive/Documents/NetBeansProjects/MentorshipSystem/web/viewUser.html</file>
            <file>file:/C:/Users/IQMAL/OneDrive/Documents/NetBeansProjects/MentorshipSystem/web/dashboardMentor.html</file>
            <file>file:/C:/Users/IQMAL/OneDrive/Documents/NetBeansProjects/MentorshipSystem/web/editProfileAdmin.html</file>
            <file>file:/C:/Users/IQMAL/OneDrive/Documents/NetBeansProjects/MentorshipSystem/web/MyMentees.html</file>
            <file>file:/C:/Users/IQMAL/OneDrive/Documents/NetBeansProjects/MentorshipSystem/web/index.html</file>
            <file>file:/C:/Users/IQMAL/OneDrive/Documents/NetBeansProjects/MentorshipSystem/web/inboxMentee.html</file>
            <file>file:/C:/Users/IQMAL/OneDrive/Documents/NetBeansProjects/MentorshipSystem/web/notesdownloader.html</file>
            <file>file:/C:/Users/IQMAL/OneDrive/Documents/NetBeansProjects/MentorshipSystem/web/css/dashboardMentee.css</file>
            <file>file:/C:/Users/IQMAL/OneDrive/Documents/NetBeansProjects/MentorshipSystem/web/Announcement.html</file>
            <file>file:/C:/Users/IQMAL/OneDrive/Documents/NetBeansProjects/MentorshipSystem/web/css/dashboardMentor.css</file>
            <file>file:/C:/Users/IQMAL/OneDrive/Documents/NetBeansProjects/MentorshipSystem/web/css/dashboardAdmin.css</file>
            <file>file:/C:/Users/IQMAL/OneDrive/Documents/NetBeansProjects/MentorshipSystem/web/findMentor.html</file>
            <file>file:/C:/Users/IQMAL/OneDrive/Documents/NetBeansProjects/MentorshipSystem/web/Report.html</file>
            <file>file:/C:/Users/IQMAL/OneDrive/Documents/NetBeansProjects/MentorshipSystem/web/profileMentee.html</file>
            <file>file:/C:/Users/IQMAL/OneDrive/Documents/NetBeansProjects/MentorshipSystem/web/css/meetingMentee.css</file>
            <file>file:/C:/Users/IQMAL/OneDrive/Documents/NetBeansProjects/MentorshipSystem/web/ScheduleMeeting.html</file>
            <file>file:/C:/Users/IQMAL/OneDrive/Documents/NetBeansProjects/MentorshipSystem/web/dashboardAdmin.html</file>
        </group>
    </open-files>
</project-private>
